net,length_um
_0801_,487.015
_0721_,451.34
clknet_0_clk,444.33
_1544_,423.81
_0803_,423.36
_1464_,416.72
_1059_,376.89
_1045_,365.98
_1300_,361.28
_1258_,322.925
_1233_,312.82
_1498_,304.905
_1864_,299.2
_1302_,294.68
_1383_,293.91
_1658_,285.5
_0720_,281.17
_1245_,276.98
_0808_,269.36
_1143_,268.21
_0812_,267.86
clknet_3_1__leaf_clk,267.12
_1088_,254.08
_1165_,251.66
clk,250.97
_1060_,249.16
_1625_,246.38
_1465_,245.72
_1162_,244.02
_1704_,240.745
_1063_,237.58
_1795_,237.24
_1476_,236.52
_1075_,236.46
_0902_,236.3
_1156_,233.72
_1336_,229.96
_1784_,227.5
_1578_,226.25
_1384_,224.715
_1931_,224.65
_1303_,222.92
clknet_3_3__leaf_clk,222.48
_1636_,221.4
_0806_,218.22
_1865_,217.62
_0910_,216.11
clknet_3_6__leaf_clk,216.04
clknet_3_5__leaf_clk,216.035
_1230_,215.94
_1817_,215.16
clknet_3_7__leaf_clk,213.38
_1920_,212.62
clknet_3_4__leaf_clk,211.2
_0889_,210.71
_0821_,210.4
_0804_,210.19
_1094_,209.23
_1783_,206.53
_0722_,206.08
_1691_,205.535
_1545_,205.2
net149,204.515
clknet_3_0__leaf_clk,204.48
clknet_3_2__leaf_clk,204.3
_0813_,203.8
_1054_,202.06
_1876_,201.37
_1417_,200.46
_1025_,199.68
_1177_,199.53
_1395_,198.65
_1314_,198.185
net150,197.16
_1669_,197.12
_1828_,195.65
_1012_,195.38
_1531_,195.32
_0755_,195.03
_1509_,193.22
_0802_,192.21
_0923_,192
_1017_,191.33
_0855_,189.24
_1439_,188.78
_0957_,188.68
_0834_,187.78
_1004_,185.07
_0991_,184.54
_1624_,182.88
_0842_,182.26
_1109_,181.66
_1369_,181.615
_0915_,181.15
_1556_,180.96
_1520_,180.395
_0847_,179.61
_0978_,179.46
_1839_,178.58
_1122_,178.535
_1347_,178.44
net1,178.42
_0868_,178.36
_0970_,178.02
_1097_,177.84
_1267_,176.83
_1190_,176.08
_0944_,175.2
_0936_,175.11
_1450_,174.94
_1428_,173.68
_1128_,173.08
_1737_,171.53
_0881_,170.42
_0983_,169.54
_1131_,168.86
_1487_,166.54
_1850_,166.46
_1264_,166.38
_1909_,166.22
_1680_,165.1
_1224_,165.03
_1196_,164.52
_1211_,163.4
_1715_,161.275
_1898_,161.1
_0949_,158.4
_1358_,156.78
_0876_,156.075
_1647_,154.83
_1406_,150.755
net2,150.08
_1325_,149.74
_1887_,149
_0733_,148.74
_1806_,144.43
_1199_,139.66
clknet_leaf_5_clk,139.305
clknet_leaf_48_clk,135.03
net68,134.8
clknet_leaf_50_clk,134.42
net3,133.9
net71,128.36
_0809_,128.09
clknet_leaf_32_clk,125.85
clknet_leaf_19_clk,125.6
net67,124.88
net69,124.56
clknet_leaf_54_clk,123.98
_1770_,121.64
net24,120.98
clknet_leaf_37_clk,120.06
net76,119.06
_1748_,117.24
net21,116.68
clknet_leaf_21_clk,115.94
clknet_leaf_58_clk,115.485
net53,115.16
clknet_leaf_52_clk,113.56
net14,112.94
clknet_leaf_7_clk,112.87
net20,112.3
net144,111.89
net17,109.24
clknet_leaf_15_clk,109.06
clknet_leaf_3_clk,107.82
_1600_,106.92
clknet_leaf_31_clk,106.64
_1759_,105.64
clknet_leaf_14_clk,104.68
clknet_leaf_30_clk,104.62
clknet_leaf_1_clk,104
clknet_leaf_56_clk,102.94
net65,102.84
net41,102.58
net23,101.96
net18,101.64
_1589_,100.69
clknet_leaf_33_clk,100.24
_1611_,100.22
clknet_leaf_41_clk,99.035
_0788_,98.84
clknet_leaf_23_clk,98.215
net140,97.94
clknet_leaf_40_clk,97.76
net142,97.48
clknet_leaf_13_clk,97.4
_0766_,97.06
net72,96.96
clknet_leaf_39_clk,96.295
clknet_leaf_61_clk,96.05
net19,95.54
net22,95.16
clknet_leaf_26_clk,95.02
clknet_leaf_9_clk,95.01
clknet_leaf_18_clk,94.73
net43,94.56
net10,94.42
clknet_leaf_11_clk,93.08
net47,92.38
net64,92.06
net141,90.98
clknet_leaf_25_clk,90.875
net66,90.7
clknet_leaf_43_clk,90.42
net38,90.24
net45,90.12
clknet_leaf_22_clk,89.72
clknet_leaf_10_clk,89.54
clknet_leaf_2_clk,89.02
clknet_leaf_47_clk,88.78
net125,88.56
net25,88.54
net145,87.96
net51,87.74
clknet_leaf_57_clk,87.675
net40,87.28
net16,87
clknet_leaf_8_clk,86.84
net42,85.68
net55,85.55
net93,84.62
net54,83.32
net90,83.14
clknet_leaf_49_clk,82.5
clknet_leaf_42_clk,82.34
_0777_,81.54
clknet_leaf_53_clk,81.54
net32,80.68
clknet_leaf_6_clk,80.34
net94,80.26
clknet_leaf_28_clk,80.12
_1726_,80.08
net49,79.92
net89,79.84
net96,78.68
net138,78.06
net92,77.94
_0744_,77.68
net52,77.58
net91,77.58
clknet_leaf_45_clk,77.42
_1567_,77.28
clknet_leaf_4_clk,77.16
clknet_leaf_0_clk,76.21
net36,76.02
net13,75.82
net95,75.52
net46,75.48
clknet_leaf_17_clk,74.5
clknet_leaf_35_clk,74.47
net97,73.5
clknet_leaf_36_clk,73.075
net63,72.93
net122,72.62
net98,70.98
net59,70.49
net39,70.22
clknet_leaf_20_clk,69.96
clknet_leaf_27_clk,69.105
net4,68.4
net123,68.1
net57,68.02
net113,67.14
net44,67.02
net50,66.65
net132,66.44
clknet_leaf_16_clk,66.36
net111,65.84
net12,65.24
net58,64.96
net75,64.2
net87,64.18
net139,63.62
net61,63.56
net120,63.16
net62,62.86
net34,62.76
net109,62.56
net27,61.4
net33,61.3
net118,60.78
net124,60.22
clknet_leaf_12_clk,59.88
clknet_leaf_34_clk,59.86
clknet_leaf_24_clk,59.8
net128,59.7
clknet_leaf_38_clk,59.66
net126,59
clknet_leaf_59_clk,59
clknet_leaf_55_clk,58.34
clknet_leaf_60_clk,57.995
net83,57.74
net73,57.46
net11,57.02
clknet_leaf_44_clk,56.84
net114,56.68
net56,56.35
net112,56.26
net117,56.14
net115,55.8
net119,55.66
net116,54.88
net137,53.52
net7,52.42
net77,52.18
clknet_leaf_29_clk,51.54
clknet_leaf_46_clk,50.955
_0860_,50
_1191_,49.76
net6,49.62
net15,49.58
net35,49.58
net8,49.5
clknet_leaf_51_clk,48.96
net74,48.9
net100,48.54
_0807_,47.04
_0977_,46.82
net60,46.57
_1222_,46.48
net127,46.28
net85,46.18
_0875_,45.98
_1221_,45.52
_1093_,44.04
net5,43.76
_1215_,43.7
instance_1.rdata\[12\],43.6
net86,43.32
_1130_,43.28
net78,42.9
_1198_,42.64
_1137_,42.58
net147,42.42
_0964_,41.98
net84,41.96
net105,41.22
_0906_,40.9
_1092_,40.34
_1200_,39.82
_1020_,39.5
_1150_,39.44
_1218_,39.26
net108,39.02
_1147_,38.9
_0947_,38.52
_1179_,38.51
_0930_,38.48
_1202_,38.4
clknet_leaf_62_clk,38.36
net48,38.1
_1271_,37.19
_0904_,37.12
_0832_,37.02
_1229_,36.98
net136,36.38
net81,36.36
net9,36.3
_1083_,36
net135,35.98
_0863_,35.92
net107,35.82
_1098_,35.7
net30,35.46
net99,35.18
_0859_,35.14
net148,35.14
_1273_,35.06
_1242_,34.7
_1292_,34.64
_1298_,34.62
_0899_,34.54
_0938_,34.4
_1154_,34.235
_0826_,34.13
_1268_,34.1
_0993_,34.06
_1080_,33.96
_1263_,33.9
_0995_,33.76
_1032_,33.76
_0958_,33.68
_1104_,33.66
_1001_,33.64
net133,33.42
_1232_,33.22
_0972_,33.08
_0896_,33.06
_0921_,33.02
_1246_,32.98
net29,32.98
net121,32.84
net26,32.78
_1124_,32.76
_1036_,32.54
_1029_,32.5
_0846_,32.4
_0909_,32.4
_0937_,32.38
_1285_,32.3
_1114_,32.28
_1090_,32.18
_1042_,32.14
net70,32.12
_1011_,32.08
_1283_,32.06
_0986_,32.04
_1041_,31.9
_1030_,31.86
_0914_,31.84
_1175_,31.82
net37,31.66
_0877_,31.62
_1253_,31.52
_1182_,31.44
_0829_,31.28
_1023_,31.24
_1145_,31.14
_1086_,31.08
_1073_,31.06
_1289_,31.06
_1205_,30.98
net131,30.92
_1192_,30.9
instance_2.rdata\[9\],30.82
_0975_,30.76
net129,30.62
_0911_,30.6
_1052_,30.54
_1138_,30.46
_1016_,30.34
_0968_,30.24
_1219_,30.18
_0928_,30.1
net130,30.1
wdata[7],30.04
net106,30.04
_0934_,30.02
_0941_,29.84
net134,29.76
_0819_,29.74
_0925_,29.72
_1002_,29.68
_1111_,29.67
_0843_,29.52
_1280_,29.42
net28,29.42
_1260_,29.38
_0850_,29.18
_1228_,29.18
_1206_,29.1
_1172_,29.08
_1110_,29.06
_1151_,28.96
_0982_,28.94
_1243_,28.88
_1213_,28.84
_0918_,28.82
_1286_,28.82
_0988_,28.6
_1039_,28.44
_0866_,28.24
_0857_,28.1
_0900_,28.06
_0962_,27.98
_1033_,27.98
_1256_,27.9
_0955_,27.82
_1127_,27.82
_0999_,27.79
_1009_,27.66
_1134_,27.66
_0894_,27.6
_1070_,27.54
wdata[12],27.42
instance_2.data\[0\]\[0\],27.16
_1234_,27.14
instance_2.data\[2\]\[62\],27.11
_1247_,27
net88,26.98
instance_1.data\[0\]\[11\],26.9
_0836_,26.86
_1077_,26.86
_1056_,26.58
_1185_,26.58
instance_2.data\[2\]\[21\],26.55
_1132_,26.5
_1148_,26.46
_0959_,26.38
_0903_,26.34
_0893_,26.32
instance_2.data\[0\]\[31\],26.16
_1120_,26.14
instance_2.rdata\[47\],26.04
instance_2.rdata\[62\],26.02
_1209_,25.76
_1277_,25.52
instance_2.rdata\[59\],25.44
instance_2.data\[0\]\[52\],25.42
instance_2.data\[0\]\[59\],25.4
_1158_,25.32
net104,25.3
_0931_,25.28
wdata[15],25.28
_0815_,25.26
_0927_,25.04
_1101_,25.04
_1117_,25.04
_1058_,24.98
instance_2.rdata\[18\],24.92
_1161_,24.9
_0891_,24.88
net79,24.84
_1274_,24.78
_0872_,24.52
instance_1.data\[2\]\[28\],24.49
instance_1.data\[2\]\[68\],24.405
instance_1.data\[3\]\[5\],24.4
_1166_,24.28
_0952_,24.26
_0839_,24.1
_0883_,24.08
instance_2.data\[1\]\[39\],23.92
_1226_,23.9
net80,23.8
_1188_,23.7
instance_2.data\[0\]\[20\],23.68
_1282_,23.62
_1049_,23.54
_0856_,23.5
_0873_,23.46
instance_2.data\[0\]\[15\],23.4
_0816_,23.32
_0961_,23.26
instance_1.data\[3\]\[12\],23.26
rdata[30],23.19
instance_1.rdata\[57\],23.16
_0852_,23.1
_0913_,23.08
instance_1.data\[0\]\[71\],23.04
_1082_,23.02
_1240_,23
_0965_,22.94
_0865_,22.92
net143,22.92
_1216_,22.9
_1252_,22.82
_0887_,22.74
net101,22.74
instance_2.data\[3\]\[48\],22.68
instance_1.data\[0\]\[38\],22.57
instance_2.data\[0\]\[21\],22.54
instance_1.data\[3\]\[71\],22.3
_0971_,22.22
instance_2.data\[1\]\[38\],22.18
_0869_,22.1
_0996_,22.04
_1295_,22.04
_0823_,22.02
_1067_,22.02
net31,22.02
_1266_,21.92
_1141_,21.9
_1288_,21.7
instance_1.data\[2\]\[9\],21.605
_0825_,21.58
_0897_,21.58
_0954_,21.56
_1072_,21.54
net82,21.54
instance_2.data\[3\]\[57\],21.44
instance_1.data\[3\]\[35\],21.38
instance_1.data\[2\]\[45\],21.37
net102,21.34
_0810_,21.15
instance_2.data\[0\]\[24\],21.12
instance_2.data\[3\]\[54\],21.06
instance_1.data\[2\]\[59\],20.93
instance_2.data\[0\]\[5\],20.9
instance_2.rdata\[66\],20.88
_1013_,20.86
instance_2.data\[2\]\[71\],20.83
instance_1.data\[2\]\[69\],20.825
instance_1.rdata\[61\],20.82
_1035_,20.7
instance_2.data\[3\]\[2\],20.68
instance_2.data\[2\]\[29\],20.665
_0933_,20.66
instance_1.rdata\[44\],20.58
_1015_,20.56
instance_2.data\[2\]\[5\],20.525
instance_2.data\[2\]\[54\],20.47
net146,20.4
instance_1.rdata\[43\],20.38
_0940_,20.36
_1006_,20.3
_1195_,20.22
instance_1.data\[2\]\[8\],20.15
instance_2.data\[0\]\[70\],20.14
instance_1.data\[1\]\[39\],20.12
instance_1.data\[2\]\[37\],20.105
instance_1.rdata\[60\],20.06
_0845_,20.04
instance_2.data\[3\]\[58\],20.04
_1203_,19.96
instance_2.data\[3\]\[12\],19.94
instance_1.rdata\[21\],19.92
instance_2.data\[0\]\[14\],19.92
_0998_,19.82
wdata[10],19.76
_1064_,19.74
_1123_,19.72
instance_1.data\[2\]\[1\],19.71
_1135_,19.7
instance_2.data\[3\]\[0\],19.7
instance_2.rdata\[20\],19.58
_1250_,19.54
_1504_,19.54
_1194_,19.52
instance_2.data\[2\]\[59\],19.385
_0884_,19.38
_1225_,19.38
instance_1.data\[3\]\[31\],19.38
instance_1.data\[0\]\[29\],19.36
instance_2.rdata\[56\],19.36
instance_1.data\[3\]\[34\],19.2
instance_1.data\[3\]\[62\],19.2
instance_1.data\[0\]\[61\],19.18
instance_2.data\[0\]\[58\],19.16
wdata[9],19.06
instance_2.rdata\[1\],18.98
instance_1.data\[1\]\[50\],18.86
instance_2.data\[0\]\[36\],18.86
_1237_,18.84
instance_1.data\[3\]\[49\],18.82
net110,18.82
instance_1.data\[3\]\[38\],18.74
_0831_,18.68
instance_2.data\[0\]\[33\],18.68
_1169_,18.6
_1378_,18.6
instance_1.data\[3\]\[63\],18.585
instance_1.data\[0\]\[68\],18.54
instance_1.data\[2\]\[19\],18.53
_0880_,18.52
instance_2.rdata\[58\],18.52
instance_1.data\[3\]\[55\],18.38
_1069_,18.36
instance_2.data\[0\]\[38\],18.32
_0985_,18.3
instance_2.data\[0\]\[44\],18.3
_1046_,18.28
instance_2.data\[0\]\[43\],18.24
instance_2.data\[3\]\[17\],18.2
instance_1.rdata\[24\],18.18
instance_2.data\[0\]\[1\],18.18
instance_2.rdata\[61\],18.12
rdata[7],18.12
_1664_,18.06
instance_1.data\[3\]\[22\],18.06
_0979_,18.04
instance_2.data\[0\]\[32\],18.02
instance_1.data\[3\]\[69\],17.98
_1940_,17.94
_1089_,17.9
net334,17.9
instance_1.data\[2\]\[42\],17.885
instance_1.data\[1\]\[51\],17.86
instance_2.data\[2\]\[9\],17.86
_0835_,17.76
instance_1.data\[1\]\[70\],17.75
instance_1.data\[2\]\[38\],17.75
instance_1.rdata\[30\],17.74
instance_2.data\[2\]\[58\],17.71
instance_1.data\[3\]\[33\],17.7
_1126_,17.68
instance_1.data\[2\]\[63\],17.65
instance_2.data\[1\]\[2\],17.64
instance_1.data\[2\]\[40\],17.63
instance_1.data\[2\]\[58\],17.605
_1107_,17.5
instance_2.data\[2\]\[20\],17.485
instance_2.data\[1\]\[20\],17.48
_1081_,17.4
_1157_,17.4
instance_1.rdata\[17\],17.4
_0992_,17.36
instance_1.data\[3\]\[60\],17.36
_1181_,17.32
instance_1.rdata\[11\],17.3
wdata[11],17.3
instance_2.data\[0\]\[61\],17.28
instance_2.data\[3\]\[46\],17.2
net796,17.18
instance_2.data\[0\]\[39\],17.16
instance_2.data\[1\]\[0\],17.12
instance_1.data\[2\]\[34\],17.105
_0945_,17.1
instance_1.data\[0\]\[66\],17.1
instance_2.data\[0\]\[22\],17.1
instance_2.data\[0\]\[67\],17.1
address[1],17.09
instance_1.data\[2\]\[60\],17.065
instance_2.data\[3\]\[1\],17.02
instance_2.data\[3\]\[62\],17.02
_0841_,16.98
instance_2.data\[0\]\[56\],16.9
instance_2.data\[2\]\[60\],16.87
instance_2.data\[2\]\[69\],16.87
_0907_,16.86
_1079_,16.86
instance_1.data\[3\]\[50\],16.84
instance_2.data\[0\]\[4\],16.82
instance_2.rdata\[42\],16.82
instance_2.data\[2\]\[52\],16.81
instance_1.rdata\[42\],16.8
instance_2.data\[3\]\[8\],16.79
instance_2.data\[1\]\[15\],16.78
rdata[12],16.76
instance_1.rdata\[33\],16.72
instance_2.data\[3\]\[43\],16.68
_1414_,16.66
instance_1.data\[3\]\[26\],16.66
instance_1.data\[3\]\[42\],16.66
_1937_,16.62
instance_1.data\[1\]\[42\],16.62
instance_2.data\[3\]\[39\],16.56
instance_2.rdata\[8\],16.56
instance_1.data\[2\]\[53\],16.53
_1168_,16.52
instance_2.data\[1\]\[31\],16.48
instance_2.data\[2\]\[42\],16.47
_0951_,16.42
instance_1.rdata\[45\],16.4
_1144_,16.36
instance_2.data\[2\]\[43\],16.325
instance_2.data\[2\]\[6\],16.325
instance_1.data\[3\]\[23\],16.32
net103,16.32
_1178_,16.3
instance_1.data\[2\]\[2\],16.265
instance_1.data\[0\]\[26\],16.26
instance_2.data\[3\]\[45\],16.26
_0625_,16.245
instance_1.data\[0\]\[57\],16.24
instance_1.rdata\[35\],16.24
instance_2.data\[3\]\[65\],16.24
_1385_,16.22
_1630_,16.22
_0849_,16.2
net493,16.2
rdata[11],16.18
_1523_,16.16
_0261_,16.085
_0967_,16.08
_1899_,16.08
_1174_,16.06
_0948_,16.04
_1027_,16.02
instance_2.data\[1\]\[56\],16.02
instance_2.data\[3\]\[36\],16.02
_1160_,16
instance_2.data\[2\]\[65\],15.985
instance_1.data\[1\]\[57\],15.98
instance_2.data\[0\]\[12\],15.98
instance_2.data\[0\]\[41\],15.98
instance_2.data\[3\]\[10\],15.96
instance_2.data\[2\]\[4\],15.95
instance_1.data\[3\]\[51\],15.94
_0076_,15.925
_1628_,15.92
instance_1.data\[3\]\[1\],15.92
_0164_,15.915
_0853_,15.9
instance_1.data\[0\]\[19\],15.9
instance_1.data\[0\]\[25\],15.9
instance_1.data\[0\]\[34\],15.9
instance_1.data\[2\]\[52\],15.845
_0870_,15.8
instance_1.data\[3\]\[70\],15.8
instance_1.rdata\[14\],15.8
instance_1.data\[0\]\[0\],15.78
_0989_,15.76
instance_1.data\[2\]\[54\],15.75
_1906_,15.74
instance_2.data\[0\]\[18\],15.74
_0822_,15.72
_1360_,15.72
instance_2.data\[2\]\[23\],15.72
instance_2.data\[0\]\[13\],15.68
instance_2.data\[1\]\[60\],15.68
instance_2.data\[3\]\[44\],15.68
instance_1.data\[0\]\[52\],15.66
instance_2.rdata\[69\],15.66
_0533_,15.645
instance_1.data\[2\]\[3\],15.645
instance_2.data\[0\]\[37\],15.64
instance_2.data\[3\]\[11\],15.64
instance_1.data\[3\]\[43\],15.6
instance_2.data\[3\]\[24\],15.54
_1568_,15.52
instance_1.data\[1\]\[11\],15.52
instance_1.rdata\[46\],15.52
instance_1.data\[3\]\[48\],15.5
instance_2.rdata\[7\],15.5
instance_1.data\[2\]\[39\],15.485
instance_1.rdata\[48\],15.46
wdata[19],15.46
instance_2.data\[2\]\[56\],15.445
instance_1.rdata\[25\],15.44
instance_2.data\[3\]\[40\],15.44
instance_1.data\[3\]\[56\],15.4
instance_1.rdata\[49\],15.4
instance_2.data\[1\]\[59\],15.4
instance_2.data\[2\]\[2\],15.385
_1164_,15.36
_1084_,15.34
_1463_,15.34
instance_2.rdata\[2\],15.34
instance_2.data\[2\]\[37\],15.33
_0302_,15.325
instance_2.data\[2\]\[22\],15.29
instance_2.data\[3\]\[52\],15.26
instance_1.data\[0\]\[64\],15.24
instance_1.data\[3\]\[19\],15.24
instance_1.rdata\[15\],15.24
_1374_,15.22
_1525_,15.22
instance_2.data\[3\]\[37\],15.22
instance_2.data\[3\]\[64\],15.215
_1239_,15.2
instance_1.data\[0\]\[69\],15.18
instance_2.data\[1\]\[44\],15.18
instance_2.data\[3\]\[26\],15.18
instance_2.rdata\[29\],15.16
instance_2.data\[1\]\[14\],15.14
instance_2.data\[1\]\[9\],15.14
instance_2.data\[2\]\[64\],15.125
_0981_,15.12
instance_1.data\[0\]\[1\],15.12
instance_2.data\[2\]\[70\],15.105
instance_2.data\[3\]\[41\],15.06
instance_1.data\[0\]\[58\],14.98
instance_2.data\[3\]\[21\],14.98
_0980_,14.96
_1189_,14.96
instance_1.data\[3\]\[52\],14.94
rdata[15],14.94
_0966_,14.92
_1010_,14.92
_1019_,14.92
instance_2.data\[1\]\[49\],14.92
net201,14.92
instance_1.data\[2\]\[35\],14.905
instance_2.data\[2\]\[57\],14.885
instance_1.rdata\[40\],14.88
instance_2.data\[3\]\[33\],14.88
instance_1.data\[3\]\[13\],14.86
instance_2.data\[3\]\[4\],14.86
instance_1.data\[1\]\[16\],14.82
instance_2.data\[3\]\[14\],14.81
_0879_,14.8
_1236_,14.8
instance_1.data\[1\]\[59\],14.8
net773,14.8
_1826_,14.78
instance_1.rdata\[28\],14.78
_1455_,14.76
instance_1.data\[3\]\[58\],14.76
instance_2.data\[0\]\[2\],14.76
instance_2.data\[1\]\[46\],14.74
instance_1.data\[1\]\[71\],14.72
instance_2.data\[0\]\[53\],14.72
instance_2.data\[3\]\[63\],14.72
instance_1.data\[2\]\[31\],14.71
_1798_,14.7
net712,14.7
instance_1.data\[1\]\[46\],14.68
instance_2.data\[3\]\[51\],14.68
instance_2.rdata\[48\],14.68
instance_1.data\[3\]\[57\],14.64
instance_1.data\[2\]\[4\],14.625
instance_2.data\[2\]\[67\],14.605
instance_1.data\[0\]\[45\],14.6
instance_1.data\[0\]\[70\],14.6
wdata[33],14.57
_0173_,14.565
instance_1.data\[2\]\[7\],14.565
instance_1.data\[0\]\[23\],14.56
instance_1.data\[0\]\[31\],14.56
instance_2.data\[3\]\[35\],14.56
instance_1.rdata\[66\],14.54
wdata[41],14.54
wdata[50],14.54
instance_2.data\[2\]\[12\],14.53
_0097_,14.525
_0087_,14.505
instance_1.rdata\[50\],14.5
net739,14.5
instance_2.data\[2\]\[26\],14.49
instance_2.data\[2\]\[49\],14.49
instance_2.data\[3\]\[67\],14.48
_1458_,14.42
instance_2.data\[1\]\[68\],14.4
instance_1.data\[2\]\[61\],14.385
instance_2.data\[2\]\[36\],14.385
_1279_,14.38
net575,14.34
_1844_,14.32
rdata[40],14.32
_1703_,14.3
instance_1.data\[0\]\[65\],14.3
instance_2.data\[0\]\[28\],14.3
_1022_,14.28
instance_2.data\[0\]\[46\],14.28
instance_2.data\[2\]\[47\],14.27
instance_1.data\[1\]\[66\],14.26
instance_2.data\[3\]\[18\],14.26
_1184_,14.24
_1380_,14.24
instance_2.data\[1\]\[45\],14.24
instance_1.data\[1\]\[43\],14.22
instance_1.rdata\[26\],14.22
_0279_,14.205
_0563_,14.205
instance_2.data\[2\]\[40\],14.19
_1085_,14.16
_1550_,14.16
instance_1.data\[1\]\[2\],14.16
instance_1.data\[0\]\[43\],14.14
instance_1.data\[0\]\[44\],14.14
instance_1.data\[3\]\[11\],14.14
instance_1.data\[3\]\[53\],14.14
_1187_,14.12
_0920_,14.1
instance_1.rdata\[8\],14.08
instance_2.data\[1\]\[16\],14.08
instance_2.data\[0\]\[11\],14.06
instance_1.data\[2\]\[20\],14.03
instance_1.data\[2\]\[5\],14.03
_1065_,14.02
_1869_,14.02
instance_2.data\[2\]\[53\],14.01
_0637_,14.005
_1373_,14
instance_2.data\[1\]\[17\],14
rdata[42],13.98
rdata[50],13.98
instance_1.data\[0\]\[39\],13.94
instance_2.data\[1\]\[26\],13.94
instance_1.data\[2\]\[22\],13.925
instance_1.data\[2\]\[47\],13.925
instance_2.data\[2\]\[15\],13.925
instance_2.data\[2\]\[31\],13.925
_1044_,13.92
instance_1.data\[1\]\[3\],13.92
instance_1.rdata\[2\],13.92
_1278_,13.9
_1890_,13.88
instance_1.data\[2\]\[36\],13.845
_1376_,13.84
instance_1.data\[1\]\[24\],13.84
instance_1.data\[3\]\[30\],13.8
_1076_,13.78
_1861_,13.78
_1153_,13.76
instance_1.data\[0\]\[32\],13.76
instance_2.data\[2\]\[44\],13.725
instance_1.data\[0\]\[13\],13.72
instance_2.data\[0\]\[60\],13.72
instance_2.data\[1\]\[3\],13.72
instance_2.data\[1\]\[58\],13.72
instance_2.data\[3\]\[59\],13.72
_1051_,13.7
instance_1.data\[0\]\[9\],13.68
instance_2.data\[3\]\[38\],13.68
instance_1.data\[2\]\[62\],13.645
instance_1.data\[1\]\[33\],13.64
instance_2.data\[0\]\[55\],13.64
instance_1.data\[1\]\[8\],13.62
instance_2.data\[1\]\[12\],13.62
instance_2.data\[3\]\[22\],13.6
_0919_,13.58
instance_2.data\[0\]\[35\],13.58
instance_1.data\[0\]\[5\],13.56
instance_1.data\[1\]\[4\],13.56
_0895_,13.54
instance_1.data\[0\]\[14\],13.54
instance_1.data\[3\]\[10\],13.54
instance_2.rdata\[30\],13.54
_0053_,13.525
rdata[41],13.52
net621,13.5
instance_1.data\[3\]\[66\],13.48
instance_1.rdata\[16\],13.48
instance_1.data\[2\]\[65\],13.465
instance_2.data\[2\]\[24\],13.465
_1511_,13.46
_0159_,13.445
_1471_,13.42
_1543_,13.4
instance_1.data\[1\]\[10\],13.4
instance_2.data\[2\]\[14\],13.385
_1207_,13.38
instance_1.data\[0\]\[30\],13.38
instance_2.data\[1\]\[22\],13.38
instance_2.data\[1\]\[43\],13.38
instance_2.data\[2\]\[1\],13.37
_0417_,13.365
_0584_,13.345
instance_1.data\[1\]\[47\],13.34
instance_2.data\[0\]\[57\],13.34
instance_2.data\[1\]\[28\],13.34
net682,13.34
instance_2.data\[2\]\[3\],13.33
_1291_,13.32
instance_1.data\[0\]\[17\],13.32
instance_2.data\[2\]\[66\],13.305
net571,13.28
instance_1.rdata\[38\],13.22
instance_2.rdata\[68\],13.22
instance_1.data\[0\]\[12\],13.14
instance_2.rdata\[21\],13.14
_1262_,13.12
instance_1.rdata\[56\],13.12
_1448_,13.1
instance_1.data\[1\]\[44\],13.1
net429,13.1
instance_1.data\[3\]\[27\],13.08
net371,13.08
net805,13.08
_1910_,13.06
instance_2.data\[2\]\[19\],13.045
_1860_,13.04
instance_2.data\[3\]\[68\],13.04
instance_1.data\[3\]\[40\],13.02
instance_2.data\[2\]\[46\],13.01
_0306_,13.005
_1048_,13
_1683_,13
_1884_,13
instance_1.data\[1\]\[68\],13
instance_2.rdata\[40\],13
instance_1.data\[2\]\[16\],12.99
_1791_,12.96
instance_1.data\[0\]\[21\],12.96
instance_2.data\[3\]\[42\],12.96
net444,12.96
net593,12.96
net831,12.96
_1208_,12.94
instance_2.rdata\[11\],12.94
_1244_,12.92
_1453_,12.92
instance_1.data\[0\]\[60\],12.92
instance_1.data\[3\]\[32\],12.92
instance_1.data\[3\]\[9\],12.92
instance_2.data\[0\]\[23\],12.92
instance_2.data\[1\]\[48\],12.92
instance_2.data\[3\]\[28\],12.92
instance_2.data\[3\]\[70\],12.92
net615,12.92
instance_1.data\[2\]\[30\],12.91
instance_1.data\[0\]\[24\],12.88
instance_1.data\[0\]\[28\],12.88
instance_1.data\[3\]\[67\],12.88
instance_2.data\[0\]\[69\],12.88
instance_2.data\[1\]\[64\],12.88
instance_2.data\[3\]\[55\],12.88
instance_2.data\[0\]\[29\],12.86
instance_1.data\[0\]\[20\],12.84
instance_2.data\[1\]\[47\],12.84
instance_1.data\[2\]\[15\],12.805
_1270_,12.8
instance_1.data\[1\]\[38\],12.8
instance_2.data\[1\]\[41\],12.8
instance_1.data\[3\]\[44\],12.76
instance_1.rdata\[32\],12.76
instance_2.data\[0\]\[16\],12.76
net649,12.74
_1371_,12.7
instance_2.data\[1\]\[55\],12.7
instance_2.data\[3\]\[56\],12.7
wdata[49],12.7
wdata[51],12.7
instance_1.data\[3\]\[59\],12.69
instance_1.data\[3\]\[54\],12.68
instance_2.data\[1\]\[69\],12.68
net412,12.68
net771,12.68
instance_2.data\[2\]\[34\],12.67
_1062_,12.66
_1100_,12.66
instance_1.rdata\[64\],12.66
net338,12.62
rdata[34],12.61
rdata[45],12.6
rdata[47],12.6
instance_1.data\[2\]\[50\],12.585
instance_2.data\[2\]\[25\],12.585
_1275_,12.58
_1867_,12.58
instance_1.data\[0\]\[27\],12.58
instance_1.rdata\[13\],12.58
net316,12.58
instance_1.data\[2\]\[24\],12.565
instance_1.data\[3\]\[65\],12.56
instance_1.data\[3\]\[8\],12.56
net257,12.56
rdata[55],12.55
_1099_,12.52
net475,12.52
_0990_,12.5
_1702_,12.5
_1789_,12.5
_1832_,12.5
_1317_,12.48
_1005_,12.46
instance_2.data\[0\]\[48\],12.46
_0943_,12.44
_1459_,12.44
instance_1.data\[0\]\[35\],12.44
instance_2.data\[3\]\[34\],12.44
instance_1.data\[2\]\[27\],12.43
_0709_,12.425
_1173_,12.42
instance_1.data\[1\]\[12\],12.42
instance_2.data\[1\]\[18\],12.42
instance_2.data\[3\]\[3\],12.42
_1055_,12.4
instance_2.data\[1\]\[65\],12.4
_1026_,12.38
instance_1.data\[3\]\[29\],12.38
_0108_,12.365
instance_1.data\[0\]\[22\],12.36
_0404_,12.345
instance_1.data\[2\]\[64\],12.345
instance_1.data\[0\]\[48\],12.34
instance_2.data\[1\]\[23\],12.34
_0581_,12.325
net402,12.32
instance_2.data\[1\]\[40\],12.28
_0282_,12.26
_1223_,12.24
instance_1.rdata\[29\],12.24
instance_2.data\[1\]\[30\],12.24
net719,12.22
_1403_,12.2
instance_2.data\[3\]\[5\],12.2
instance_1.data\[2\]\[67\],12.19
_1479_,12.18
instance_1.rdata\[41\],12.18
instance_2.data\[1\]\[8\],12.18
instance_2.data\[3\]\[7\],12.18
instance_1.data\[1\]\[27\],12.16
_1939_,12.14
instance_2.data\[0\]\[25\],12.14
_0974_,12.13
_0051_,12.125
instance_1.data\[2\]\[0\],12.125
_1297_,12.12
instance_2.data\[0\]\[54\],12.12
instance_2.data\[2\]\[45\],12.11
_1812_,12.1
instance_1.data\[0\]\[49\],12.1
instance_1.data\[2\]\[10\],12.085
_1494_,12.08
_1140_,12.06
net275,12.04
net749,12.04
_1249_,12.02
_1311_,12.02
instance_2.data\[2\]\[30\],12.01
_0597_,12.005
_1679_,12
instance_1.data\[0\]\[18\],12
instance_1.data\[1\]\[52\],12
instance_1.data\[1\]\[62\],12
instance_2.data\[0\]\[3\],12
instance_2.data\[1\]\[61\],12
instance_2.rdata\[41\],12
_0805_,11.98
net171,11.98
instance_1.data\[2\]\[44\],11.97
instance_1.data\[1\]\[48\],11.96
instance_1.data\[1\]\[54\],11.96
instance_2.data\[1\]\[52\],11.96
instance_2.data\[1\]\[53\],11.96
net862,11.96
wdata[13],11.94
instance_2.data\[2\]\[0\],11.925
instance_2.data\[1\]\[5\],11.92
_0660_,11.915
instance_1.rdata\[62\],11.9
net492,11.9
instance_1.data\[3\]\[47\],11.88
instance_1.rdata\[1\],11.88
net518,11.86
instance_1.rdata\[31\],11.82
net660,11.82
wdata[37],11.78
wdata[38],11.78
wdata[39],11.78
wdata[40],11.78
wdata[42],11.78
wdata[43],11.78
wdata[44],11.78
wdata[45],11.78
wdata[46],11.78
wdata[47],11.78
wdata[48],11.78
wdata[52],11.78
instance_2.data\[2\]\[33\],11.77
instance_2.data\[2\]\[48\],11.77
instance_2.data\[1\]\[50\],11.76
_0259_,11.74
_0888_,11.74
instance_1.data\[3\]\[39\],11.74
_0844_,11.72
_1475_,11.72
_1307_,11.7
_0561_,11.695
instance_1.data\[2\]\[57\],11.685
instance_2.data\[2\]\[32\],11.685
instance_2.rdata\[22\],11.68
rdata[35],11.68
rdata[43],11.68
rdata[44],11.68
rdata[49],11.68
rdata[52],11.68
instance_1.data\[2\]\[26\],11.665
instance_2.data\[2\]\[11\],11.665
instance_1.data\[0\]\[42\],11.66
instance_2.data\[1\]\[24\],11.66
instance_2.data\[1\]\[51\],11.66
net554,11.66
_1904_,11.64
instance_1.rdata\[9\],11.64
instance_2.data\[0\]\[68\],11.64
_1386_,11.62
_1499_,11.62
_1894_,11.62
_1922_,11.62
_0784_,11.6
_1903_,11.6
instance_2.data\[1\]\[57\],11.6
net192,11.6
net713,11.58
_0320_,11.56
_1768_,11.56
net311,11.56
net328,11.56
_0917_,11.54
_1593_,11.54
instance_1.data\[3\]\[41\],11.54
instance_1.data\[2\]\[70\],11.51
_1457_,11.5
instance_1.data\[1\]\[1\],11.5
instance_2.rdata\[43\],11.5
_1432_,11.46
instance_1.data\[0\]\[62\],11.46
instance_1.rdata\[36\],11.46
instance_2.data\[3\]\[6\],11.42
_0347_,11.405
instance_2.rdata\[63\],11.4
instance_1.data\[1\]\[32\],11.38
instance_1.rdata\[22\],11.36
_0283_,11.335
_1905_,11.32
instance_1.data\[1\]\[7\],11.32
instance_1.data\[2\]\[46\],11.31
_1836_,11.28
instance_1.data\[1\]\[63\],11.28
instance_2.data\[1\]\[66\],11.28
instance_2.data\[3\]\[49\],11.28
instance_2.data\[3\]\[66\],11.28
rdata[13],11.26
_0205_,11.245
_0206_,11.245
_1364_,11.24
_1858_,11.24
instance_2.data\[0\]\[47\],11.24
net566,11.24
net673,11.24
_0639_,11.235
instance_1.data\[0\]\[51\],11.22
instance_1.data\[1\]\[17\],11.22
instance_1.data\[1\]\[40\],11.22
rdata[37],11.22
rdata[38],11.22
rdata[46],11.22
rdata[51],11.22
_0665_,11.205
instance_1.rdata\[10\],11.2
instance_1.data\[3\]\[14\],11.18
instance_1.data\[2\]\[11\],11.165
instance_1.data\[2\]\[51\],11.165
instance_2.data\[2\]\[39\],11.165
_1446_,11.16
_1469_,11.16
_1533_,11.16
instance_1.rdata\[67\],11.16
net384,11.16
instance_2.data\[1\]\[71\],11.14
_1113_,11.12
_1631_,11.12
instance_1.data\[0\]\[55\],11.12
net743,11.12
rdata[63],11.11
_0160_,11.085
instance_1.data\[2\]\[66\],11.085
_0594_,11.08
_1112_,11.08
instance_1.data\[0\]\[10\],11.08
instance_1.data\[3\]\[61\],11.08
instance_2.data\[0\]\[7\],11.08
instance_2.data\[1\]\[11\],11.08
instance_2.data\[1\]\[42\],11.08
instance_2.data\[1\]\[70\],11.08
instance_2.rdata\[17\],11.08
instance_2.data\[2\]\[41\],11.07
instance_2.data\[2\]\[63\],11.07
_0057_,11.065
_1096_,11.06
_0148_,11.045
instance_2.data\[3\]\[60\],11.04
_0233_,11.02
net354,11.02
rdata[39],11.01
instance_1.data\[0\]\[16\],11
instance_1.data\[3\]\[2\],11
_0017_,10.985
_1918_,10.96
instance_2.data\[1\]\[36\],10.96
instance_2.rdata\[50\],10.96
instance_2.data\[3\]\[69\],10.955
_1008_,10.94
_1276_,10.94
instance_1.rdata\[34\],10.92
instance_1.rdata\[53\],10.92
instance_1.data\[2\]\[23\],10.89
_0225_,10.885
_1265_,10.88
instance_1.data\[3\]\[45\],10.88
_0963_,10.86
_0976_,10.86
_1133_,10.86
_1329_,10.86
instance_2.rdata\[54\],10.86
instance_1.data\[2\]\[29\],10.85
instance_2.data\[2\]\[51\],10.85
_0623_,10.845
instance_1.data\[0\]\[59\],10.84
_1212_,10.82
_1672_,10.82
_1853_,10.82
instance_2.data\[0\]\[65\],10.82
instance_2.data\[1\]\[54\],10.82
instance_2.rdata\[38\],10.82
instance_2.rdata\[65\],10.82
_0824_,10.78
_1238_,10.78
_1320_,10.78
_1328_,10.78
_1480_,10.78
_1802_,10.78
_1815_,10.78
_1851_,10.78
_1852_,10.78
_1915_,10.78
net535,10.78
net830,10.78
_0204_,10.765
instance_2.data\[0\]\[6\],10.76
instance_2.data\[3\]\[16\],10.76
instance_1.data\[2\]\[48\],10.75
_0079_,10.745
instance_2.data\[2\]\[16\],10.745
_1444_,10.74
_1489_,10.74
_1697_,10.74
_1885_,10.74
_1893_,10.74
instance_2.data\[0\]\[40\],10.74
instance_2.data\[2\]\[10\],10.73
_0099_,10.725
_0062_,10.705
_0491_,10.705
_0689_,10.705
_1468_,10.7
_1512_,10.7
_1687_,10.7
net870,10.7
instance_1.data\[1\]\[58\],10.68
_1136_,10.66
_1841_,10.66
instance_1.data\[0\]\[2\],10.66
wdata[4],10.66
net442,10.66
_1066_,10.64
_0632_,10.625
instance_1.data\[3\]\[4\],10.62
instance_2.rdata\[64\],10.62
_0620_,10.6
instance_1.data\[1\]\[67\],10.58
instance_2.data\[1\]\[13\],10.58
instance_2.data\[1\]\[1\],10.58
instance_2.data\[3\]\[13\],10.58
_0267_,10.565
_0589_,10.565
_1119_,10.56
wdata[71],10.56
net251,10.56
net609,10.56
net706,10.56
instance_2.data\[2\]\[61\],10.545
instance_2.data\[2\]\[35\],10.525
net849,10.52
net850,10.52
_0550_,10.505
instance_1.data\[2\]\[55\],10.505
instance_1.rdata\[4\],10.5
instance_2.data\[0\]\[27\],10.5
instance_1.data\[2\]\[25\],10.49
_0298_,10.485
instance_2.data\[1\]\[27\],10.46
_0110_,10.445
instance_1.data\[1\]\[23\],10.44
instance_1.rdata\[6\],10.44
net550,10.44
net669,10.44
rdata[68],10.43
instance_2.data\[3\]\[53\],10.42
instance_1.data\[0\]\[8\],10.4
instance_1.data\[1\]\[30\],10.4
instance_2.rdata\[27\],10.4
net626,10.4
instance_1.data\[2\]\[21\],10.39
instance_1.rdata\[58\],10.38
instance_2.data\[3\]\[30\],10.38
_0271_,10.365
_0410_,10.365
_0611_,10.365
_1488_,10.36
instance_1.rdata\[52\],10.36
instance_2.rdata\[0\],10.36
_0730_,10.34
_0521_,10.32
_1310_,10.32
_1510_,10.32
_1930_,10.32
instance_1.rdata\[27\],10.32
instance_2.data\[0\]\[30\],10.32
_0133_,10.315
_0565_,10.305
rdata[48],10.3
_0144_,10.285
_1889_,10.28
net238,10.28
_1651_,10.26
instance_1.data\[3\]\[17\],10.26
_1577_,10.24
_1819_,10.24
net676,10.24
instance_2.data\[2\]\[8\],10.22
instance_2.data\[0\]\[19\],10.2
_1391_,10.16
_1917_,10.16
instance_1.data\[3\]\[21\],10.16
instance_2.data\[1\]\[25\],10.16
instance_2.data\[1\]\[7\],10.16
instance_2.rdata\[34\],10.16
net607,10.14
instance_1.data\[1\]\[15\],10.12
instance_1.data\[1\]\[45\],10.12
instance_1.data\[3\]\[28\],10.12
net440,10.12
_0745_,10.1
_1849_,10.1
net758,10.1
instance_2.data\[3\]\[25\],10.08
_0482_,10.065
_0603_,10.065
_0701_,10.065
instance_2.data\[2\]\[7\],10.065
net606,10.06
wdata[53],10.05
instance_1.rdata\[51\],10.04
_1654_,10
instance_2.data\[1\]\[35\],10
net630,10
net643,10
instance_1.data\[1\]\[14\],9.98
_0546_,9.96
_1426_,9.96
_1677_,9.94
_1843_,9.94
_1868_,9.94
instance_1.rdata\[37\],9.94
instance_1.data\[2\]\[41\],9.93
instance_2.data\[2\]\[38\],9.93
_0182_,9.905
_0350_,9.905
_0416_,9.905
instance_1.data\[0\]\[7\],9.9
instance_1.data\[1\]\[31\],9.9
instance_1.data\[3\]\[25\],9.9
net636,9.9
_0729_,9.88
_1170_,9.88
rdata[9],9.88
_1396_,9.86
instance_2.data\[0\]\[26\],9.86
_0330_,9.825
instance_1.data\[2\]\[14\],9.825
instance_1.data\[2\]\[49\],9.825
_0862_,9.82
_1377_,9.82
_1515_,9.82
_1810_,9.82
net325,9.82
net551,9.82
net560,9.82
net587,9.82
net703,9.82
_0086_,9.785
_0591_,9.785
_1332_,9.78
_1803_,9.78
instance_2.data\[0\]\[45\],9.78
net595,9.78
_1342_,9.76
net469,9.76
_0514_,9.745
_0612_,9.745
instance_1.data\[1\]\[29\],9.74
instance_2.data\[1\]\[32\],9.74
instance_2.data\[2\]\[18\],9.73
wdata[63],9.73
_0502_,9.705
_1116_,9.7
instance_1.data\[1\]\[28\],9.7
instance_1.data\[1\]\[64\],9.7
instance_1.data\[3\]\[15\],9.7
instance_2.data\[3\]\[71\],9.7
instance_2.rdata\[57\],9.7
net349,9.7
_0208_,9.685
_0115_,9.68
_0645_,9.68
_1106_,9.68
net634,9.68
_0092_,9.665
_1379_,9.66
_1786_,9.66
instance_1.data\[3\]\[37\],9.66
net497,9.66
_0610_,9.645
_1921_,9.64
wdata[2],9.64
wdata[3],9.64
wdata[6],9.64
instance_2.data\[2\]\[17\],9.63
instance_2.data\[3\]\[61\],9.62
net718,9.62
_0890_,9.6
instance_1.rdata\[7\],9.59
_0043_,9.585
_0885_,9.58
instance_1.data\[0\]\[56\],9.58
instance_1.data\[1\]\[35\],9.58
instance_2.data\[0\]\[63\],9.58
instance_2.data\[3\]\[50\],9.58
instance_2.rdata\[70\],9.58
net378,9.58
net353,9.56
instance_1.data\[3\]\[36\],9.54
net834,9.54
rdata[57],9.53
_1766_,9.52
_1793_,9.52
instance_1.data\[0\]\[40\],9.52
instance_1.data\[0\]\[41\],9.52
instance_1.data\[1\]\[41\],9.52
_1436_,9.5
instance_1.rdata\[47\],9.48
instance_2.data\[0\]\[71\],9.48
instance_2.rdata\[33\],9.48
net738,9.48
_0908_,9.44
_1824_,9.44
instance_2.data\[1\]\[34\],9.44
instance_2.data\[3\]\[29\],9.44
instance_2.rdata\[45\],9.44
_1381_,9.42
_1907_,9.42
_1916_,9.42
rdata[70],9.42
_0075_,9.405
_0189_,9.405
net482,9.4
rdata[61],9.39
rdata[66],9.39
wr,9.39
_0443_,9.385
_0554_,9.385
_0599_,9.385
_0151_,9.365
_1167_,9.36
_1321_,9.36
_1425_,9.36
net576,9.36
_0308_,9.34
instance_1.data\[1\]\[9\],9.34
_0864_,9.32
_1408_,9.32
_1430_,9.32
_1534_,9.32
_1842_,9.32
_1897_,9.32
net583,9.32
net699,9.32
net742,9.32
net835,9.3
_0130_,9.285
instance_1.data\[3\]\[64\],9.28
instance_2.data\[0\]\[34\],9.28
instance_1.data\[0\]\[50\],9.24
instance_1.data\[1\]\[37\],9.24
instance_1.data\[3\]\[46\],9.24
instance_2.data\[1\]\[10\],9.24
instance_2.data\[1\]\[4\],9.24
instance_2.data\[3\]\[23\],9.24
instance_2.rdata\[37\],9.24
net357,9.24
_0232_,9.225
net284,9.22
net408,9.22
net543,9.22
_1400_,9.2
instance_2.data\[0\]\[9\],9.2
_0542_,9.185
_1456_,9.18
wdata[1],9.18
instance_1.rdata\[20\],9.16
net812,9.16
wdata[32],9.15
_0296_,9.145
_0327_,9.145
_0595_,9.145
net698,9.14
instance_1.data\[2\]\[32\],9.125
_1695_,9.12
instance_1.data\[0\]\[37\],9.115
_0280_,9.065
_1322_,9.06
wdata[69],9.05
_1734_,9.04
_0705_,9.025
_0760_,9.02
_1447_,9.02
instance_2.data\[0\]\[64\],9.02
instance_2.data\[1\]\[33\],9.02
instance_2.data\[3\]\[47\],9.02
net818,9.02
instance_1.data\[0\]\[3\],9
_0317_,8.985
_0878_,8.98
_1769_,8.98
_1924_,8.98
instance_1.rdata\[55\],8.98
rdata[3],8.96
rdata[71],8.96
_0024_,8.945
_0199_,8.945
_0680_,8.945
_1339_,8.94
_1449_,8.94
_0190_,8.905
_0997_,8.9
_1305_,8.9
_1835_,8.9
_1880_,8.9
net549,8.9
_1155_,8.88
_1823_,8.88
_1855_,8.88
instance_1.rdata\[54\],8.88
_1163_,8.86
_1873_,8.86
instance_2.data\[2\]\[55\],8.825
net782,8.8
instance_2.data\[2\]\[50\],8.79
instance_1.data\[2\]\[6\],8.785
instance_1.data\[1\]\[5\],8.78
instance_1.data\[3\]\[0\],8.78
instance_1.data\[3\]\[16\],8.78
instance_1.data\[3\]\[3\],8.78
_0358_,8.765
_0077_,8.76
_0135_,8.745
instance_1.data\[3\]\[68\],8.74
net216,8.74
_0307_,8.725
_0580_,8.725
wdata[14],8.72
wdata[16],8.72
wdata[5],8.72
wdata[70],8.72
wdata[8],8.72
wdata[55],8.69
_0474_,8.685
instance_2.rdata\[44\],8.68
net506,8.68
_0184_,8.665
_0924_,8.66
instance_1.data\[0\]\[33\],8.66
net271,8.66
_0176_,8.625
_0700_,8.615
_0871_,8.6
_1596_,8.6
net366,8.6
net488,8.6
_0163_,8.585
_0242_,8.575
_1315_,8.56
_1563_,8.56
_1701_,8.56
_1787_,8.56
_1888_,8.56
instance_1.rdata\[19\],8.56
instance_2.rdata\[23\],8.56
instance_2.data\[2\]\[28\],8.545
_1352_,8.52
_1405_,8.52
_1698_,8.52
_1941_,8.52
instance_1.data\[1\]\[65\],8.52
net810,8.52
_1470_,8.5
rdata[10],8.5
rdata[1],8.5
rdata[6],8.5
net304,8.5
_0272_,8.495
_0304_,8.485
_1269_,8.48
_1822_,8.48
instance_2.data\[0\]\[50\],8.48
net243,8.48
instance_2.data\[1\]\[37\],8.46
_1204_,8.44
_1833_,8.44
instance_2.data\[3\]\[9\],8.44
_1500_,8.42
_1565_,8.42
_1038_,8.4
_1121_,8.4
_1309_,8.4
_1694_,8.4
net208,8.4
net309,8.4
rdata[19],8.38
_0452_,8.365
_0783_,8.36
_1736_,8.36
_1837_,8.36
net278,8.36
net288,8.36
instance_1.data\[2\]\[33\],8.35
net529,8.34
net745,8.34
net798,8.34
instance_1.data\[1\]\[0\],8.32
instance_1.data\[3\]\[18\],8.32
instance_1.data\[3\]\[20\],8.32
instance_1.data\[3\]\[6\],8.32
instance_2.data\[0\]\[10\],8.32
instance_2.data\[0\]\[17\],8.32
net791,8.32
_0218_,8.305
instance_2.rdata\[55\],8.28
net513,8.26
net833,8.26
_1354_,8.24
instance_1.rdata\[59\],8.24
_1741_,8.2
_0248_,8.185
_1103_,8.16
_0066_,8.155
_1061_,8.14
wdata[34],8.13
_1335_,8.12
_0901_,8.1
_1341_,8.1
_1451_,8.1
_1516_,8.1
_1529_,8.1
_1866_,8.1
instance_1.rdata\[70\],8.1
instance_2.data\[3\]\[27\],8.1
instance_2.rdata\[35\],8.1
instance_2.rdata\[60\],8.1
_1241_,8.06
_1483_,8.06
_1527_,8.06
_1692_,8.06
_1935_,8.06
instance_2.data\[3\]\[19\],8.06
_1657_,8.04
rdata[2],8.04
_0292_,8.025
_1588_,8.02
_1856_,8.02
instance_1.rdata\[0\],8.02
_0139_,7.985
instance_1.data\[2\]\[17\],7.985
_1272_,7.98
_1571_,7.98
_1634_,7.98
instance_2.data\[0\]\[66\],7.98
net253,7.98
net433,7.98
net715,7.98
net748,7.98
_0243_,7.96
_0600_,7.945
_1197_,7.94
_1422_,7.94
_1763_,7.94
_1848_,7.94
net185,7.94
_0606_,7.92
_0313_,7.905
_1003_,7.9
_1594_,7.9
instance_1.data\[1\]\[18\],7.9
instance_2.data\[0\]\[62\],7.9
net420,7.9
instance_1.data\[2\]\[12\],7.89
_0838_,7.88
_1539_,7.88
net160,7.88
net450,7.88
instance_1.data\[0\]\[6\],7.86
instance_2.data\[1\]\[21\],7.86
instance_2.rdata\[6\],7.86
_0207_,7.845
net206,7.84
net381,7.84
net665,7.84
net736,7.84
net477,7.82
net512,7.82
_0653_,7.815
_0258_,7.805
_0311_,7.805
net223,7.8
net300,7.8
net532,7.8
wdata[35],7.79
instance_1.data\[0\]\[67\],7.78
instance_1.rdata\[71\],7.78
_0196_,7.765
_0222_,7.765
_0316_,7.765
_0370_,7.765
_0476_,7.765
_0153_,7.745
instance_1.data\[1\]\[55\],7.74
_0246_,7.735
net654,7.7
_0253_,7.695
_0712_,7.685
_1366_,7.68
_1418_,7.68
_1443_,7.68
_0953_,7.66
_0301_,7.645
_0340_,7.645
_1095_,7.64
_1149_,7.64
_1255_,7.64
_1316_,7.64
instance_1.data\[0\]\[46\],7.64
instance_1.data\[1\]\[36\],7.64
instance_2.rdata\[16\],7.64
instance_2.rdata\[5\],7.64
instance_2.rdata\[71\],7.64
instance_2.data\[1\]\[29\],7.62
_0174_,7.615
_0102_,7.605
_0141_,7.605
_0149_,7.605
_0192_,7.605
_0203_,7.605
_0616_,7.605
_0677_,7.605
_0827_,7.6
_1105_,7.6
_1261_,7.6
_1648_,7.6
_1652_,7.6
_1730_,7.6
instance_2.data\[3\]\[15\],7.6
instance_2.data\[3\]\[20\],7.6
instance_2.data\[3\]\[32\],7.6
_0082_,7.58
rdata[14],7.58
rdata[16],7.58
rdata[4],7.58
rdata[5],7.58
rdata[8],7.58
rdata[31],7.57
_0060_,7.565
_0161_,7.565
_0249_,7.565
_0456_,7.565
_1050_,7.56
_1435_,7.56
instance_1.data\[1\]\[56\],7.56
net211,7.56
net618,7.56
instance_1.data\[3\]\[24\],7.54
_0438_,7.525
_1235_,7.52
_1327_,7.52
_1393_,7.52
_1398_,7.52
_1549_,7.52
_1821_,7.52
instance_1.rdata\[63\],7.52
net199,7.52
net267,7.52
net608,7.52
net625,7.52
net728,7.52
rdata[69],7.49
_0234_,7.485
_1356_,7.48
_1368_,7.48
_1547_,7.48
net421,7.48
net455,7.48
_1541_,7.44
_1825_,7.44
instance_1.data\[0\]\[36\],7.44
instance_1.data\[1\]\[19\],7.44
instance_2.rdata\[12\],7.44
net585,7.42
net646,7.42
net755,7.42
_0571_,7.415
instance_1.data\[2\]\[56\],7.41
instance_1.data\[0\]\[15\],7.4
instance_1.data\[1\]\[21\],7.4
instance_1.data\[1\]\[6\],7.4
instance_2.data\[0\]\[51\],7.4
instance_2.data\[1\]\[63\],7.4
net324,7.4
_0131_,7.385
_0583_,7.385
_0685_,7.38
net163,7.38
net170,7.38
net379,7.38
net434,7.38
net557,7.38
net572,7.38
net361,7.36
_0654_,7.345
instance_2.data\[2\]\[68\],7.33
_0932_,7.32
_1484_,7.32
instance_1.rdata\[68\],7.32
instance_2.data\[2\]\[27\],7.32
_0058_,7.305
_0138_,7.305
_0181_,7.305
_0289_,7.305
_0604_,7.305
net374,7.3
net726,7.3
net775,7.3
_0103_,7.285
instance_2.rdata\[39\],7.28
net811,7.26
_0175_,7.245
_1570_,7.22
_1883_,7.22
_1911_,7.22
instance_1.rdata\[5\],7.22
instance_2.data\[0\]\[8\],7.22
net605,7.22
net677,7.22
net793,7.22
_0747_,7.2
_1176_,7.18
_1220_,7.18
_1728_,7.18
instance_1.data\[1\]\[61\],7.18
instance_1.rdata\[69\],7.18
instance_2.data\[0\]\[49\],7.18
instance_1.data\[2\]\[18\],7.17
_0037_,7.165
_0068_,7.165
_0322_,7.165
_0401_,7.165
_0462_,7.165
_0202_,7.145
_0250_,7.145
_0398_,7.145
_0630_,7.145
_1340_,7.14
_1409_,7.14
_1423_,7.14
_1807_,7.14
wdata[30],7.13
instance_1.data\[2\]\[13\],7.12
net633,7.12
_0470_,7.105
_1387_,7.1
net652,7.1
net863,7.1
_1125_,7.06
_1287_,7.06
_1548_,7.06
_1598_,7.06
_1649_,7.06
_1827_,7.06
_1441_,7.04
_1599_,7.04
_0538_,7.02
_0147_,7.015
_0226_,7.015
_0315_,7.015
_0499_,7.015
_0256_,7.005
_0229_,7
_0513_,7
net642,7
rdata[67],6.99
_0059_,6.985
_1462_,6.98
_1650_,6.98
instance_1.data\[1\]\[49\],6.98
instance_1.data\[1\]\[60\],6.98
_0235_,6.965
_0223_,6.96
_0503_,6.96
_0675_,6.96
_0679_,6.96
instance_2.rdata\[32\],6.96
net213,6.96
net397,6.96
net490,6.96
net846,6.96
instance_1.data\[2\]\[71\],6.945
instance_1.data\[1\]\[20\],6.94
instance_2.rdata\[52\],6.94
_0188_,6.925
_1437_,6.92
net483,6.92
net487,6.92
net423,6.9
net826,6.9
_0090_,6.885
_0329_,6.885
_0484_,6.885
_0522_,6.885
_0573_,6.885
net270,6.88
instance_1.data\[1\]\[22\],6.855
_0089_,6.845
_0120_,6.845
_0388_,6.845
net766,6.84
_0241_,6.825
_0049_,6.785
_0167_,6.785
instance_2.rdata\[24\],6.78
address[0],6.77
_0052_,6.765
_1231_,6.76
_1248_,6.76
_1296_,6.76
_1908_,6.76
_1912_,6.76
instance_1.rdata\[23\],6.76
instance_1.rdata\[65\],6.76
net166,6.76
net296,6.76
net720,6.76
net797,6.76
_0028_,6.725
_1397_,6.72
_1415_,6.72
_1607_,6.72
_1874_,6.72
instance_1.data\[1\]\[26\],6.72
instance_2.rdata\[67\],6.72
net744,6.72
_0348_,6.705
_0137_,6.685
_0287_,6.685
_0593_,6.685
_0609_,6.685
_0619_,6.685
wdata[54],6.67
_0994_,6.66
net272,6.66
wdata[57],6.65
_0067_,6.645
_0155_,6.645
_0492_,6.645
_0746_,6.64
_0935_,6.64
_1324_,6.64
_1372_,6.64
_1514_,6.64
_1642_,6.64
_1713_,6.64
_1745_,6.64
_1926_,6.64
_1932_,6.64
instance_1.data\[0\]\[47\],6.64
net190,6.64
net266,6.64
net398,6.64
_0356_,6.625
_1689_,6.6
_1830_,6.6
_1845_,6.6
net219,6.6
net344,6.6
_0415_,6.565
_0672_,6.565
rdata[27],6.55
_0598_,6.54
_0605_,6.54
_1294_,6.54
net205,6.54
net466,6.54
instance_2.data\[1\]\[67\],6.52
instance_2.rdata\[25\],6.52
instance_2.rdata\[51\],6.52
net335,6.52
_0201_,6.5
_0562_,6.5
_0618_,6.5
net153,6.5
net162,6.5
net265,6.5
net299,6.5
net489,6.5
net500,6.5
net594,6.5
net668,6.5
net689,6.5
_0548_,6.465
net454,6.46
net663,6.46
_0886_,6.44
net254,6.44
net319,6.44
net382,6.44
net596,6.44
net765,6.44
wdata[31],6.43
_0526_,6.425
net517,6.42
instance_1.data\[2\]\[43\],6.405
_0666_,6.4
net722,6.38
_0104_,6.365
_0109_,6.365
_0168_,6.365
_0171_,6.365
_0264_,6.365
_0408_,6.365
_0516_,6.365
_0601_,6.365
_0617_,6.365
_0083_,6.335
wdata[58],6.33
_0527_,6.325
_0439_,6.305
_0820_,6.3
_0840_,6.3
_0956_,6.3
_1699_,6.3
_1752_,6.3
_1881_,6.3
net399,6.3
instance_1.data\[1\]\[53\],6.28
instance_1.data\[3\]\[7\],6.28
instance_1.rdata\[3\],6.28
_1102_,6.26
_1331_,6.26
_1349_,6.26
_1401_,6.26
_1535_,6.26
_1619_,6.26
_1792_,6.26
_1882_,6.26
instance_2.rdata\[13\],6.26
instance_2.rdata\[31\],6.26
net295,6.26
net730,6.26
_0105_,6.225
_0607_,6.225
_0710_,6.225
rdata[17],6.21
rdata[20],6.21
rdata[24],6.21
_0795_,6.2
_0960_,6.2
_1351_,6.2
_1606_,6.2
_1627_,6.2
_1778_,6.2
_0004_,6.185
_0030_,6.185
_0714_,6.18
_1460_,6.18
_1526_,6.18
_1552_,6.18
_1581_,6.18
_1585_,6.18
_1718_,6.18
_1764_,6.18
_1765_,6.18
net186,6.18
net463,6.18
net484,6.18
_0737_,6.14
_0759_,6.14
_1540_,6.14
_1782_,6.14
_1790_,6.14
_1846_,6.14
net237,6.14
net261,6.14
net285,6.14
net395,6.14
net657,6.14
net690,6.14
net819,6.14
net865,6.14
_0072_,6.1
_0426_,6.1
rdata[25],6.09
wdata[17],6.09
wdata[22],6.09
wdata[26],6.09
wdata[29],6.09
net327,6.08
net367,6.08
net539,6.08
net617,6.08
net843,6.08
_0012_,6.065
_0021_,6.065
_0326_,6.065
_0344_,6.065
_0360_,6.065
_0376_,6.065
_0501_,6.065
_0848_,6.06
_1346_,6.06
instance_2.data\[1\]\[19\],6.06
instance_2.data\[3\]\[31\],6.06
net202,6.06
net537,6.06
_0642_,6.04
_0702_,6.04
_1171_,6.04
net215,6.04
net368,6.04
net457,6.04
net570,6.04
net688,6.04
net694,6.04
net747,6.04
net867,6.04
_1731_,6.02
net283,6.02
_0294_,6.015
_0463_,6.005
net221,5.98
net582,5.98
net653,5.98
net790,5.98
wdata[0],5.97
wdata[59],5.97
_0014_,5.965
_0193_,5.965
_0437_,5.965
_0364_,5.945
_0667_,5.945
instance_2.data\[1\]\[6\],5.94
net255,5.94
net312,5.94
_0387_,5.905
_0277_,5.895
_0498_,5.895
rdata[21],5.87
_0247_,5.865
_0006_,5.845
_0117_,5.845
_1343_,5.84
_1558_,5.84
_1559_,5.84
_1564_,5.84
_1708_,5.84
_1857_,5.84
instance_1.data\[0\]\[54\],5.84
instance_2.rdata\[49\],5.84
net175,5.84
net377,5.84
net496,5.84
net855,5.84
_0124_,5.805
_0136_,5.805
_0185_,5.805
_0559_,5.805
_0576_,5.805
_0577_,5.805
_0678_,5.805
_1536_,5.8
_1796_,5.8
_0096_,5.765
_0341_,5.765
_0380_,5.765
_0432_,5.765
_0471_,5.765
_0602_,5.765
address[2],5.75
rdata[53],5.75
rdata[54],5.75
wdata[18],5.75
wdata[20],5.75
wdata[23],5.75
wdata[28],5.75
_0732_,5.74
_0814_,5.74
_1074_,5.74
_1429_,5.74
_1454_,5.74
_1662_,5.74
_1772_,5.74
_0005_,5.725
_0121_,5.725
_0146_,5.725
_0154_,5.725
_0830_,5.72
_1334_,5.72
_1388_,5.72
_1410_,5.72
_1586_,5.72
_1602_,5.72
_1603_,5.72
_1616_,5.72
_1755_,5.72
_1902_,5.72
instance_2.rdata\[46\],5.72
net158,5.72
net281,5.72
net315,5.72
net387,5.72
net461,5.72
net648,5.72
net845,5.72
_0214_,5.705
_0706_,5.705
_0735_,5.68
_0740_,5.68
_0794_,5.68
_0796_,5.68
_0818_,5.68
_1028_,5.68
_1312_,5.68
_1419_,5.68
_1587_,5.68
_1788_,5.68
_1808_,5.68
_1838_,5.68
net256,5.68
net359,5.68
net462,5.68
net656,5.68
_0342_,5.645
_0469_,5.645
_0626_,5.62
net280,5.62
net638,5.62
net716,5.62
net731,5.62
net770,5.62
net823,5.62
_1929_,5.6
instance_1.data\[0\]\[4\],5.6
instance_1.rdata\[39\],5.6
instance_2.rdata\[15\],5.6
instance_2.rdata\[26\],5.6
instance_2.rdata\[53\],5.6
net448,5.6
_0379_,5.58
_0500_,5.58
_0651_,5.58
_0681_,5.58
_1186_,5.58
net508,5.58
net520,5.58
net658,5.58
net247,5.56
_0448_,5.545
rdata[18],5.53
rdata[36],5.53
net584,5.52
_0187_,5.445
_0085_,5.435
_0128_,5.435
_0592_,5.435
_0478_,5.425
rdata[0],5.41
wdata[21],5.41
net760,5.4
_0761_,5.38
_1638_,5.38
_1743_,5.38
_1794_,5.38
_1840_,5.38
_1919_,5.38
instance_1.data\[1\]\[13\],5.38
instance_2.data\[1\]\[62\],5.38
net196,5.38
net848,5.38
_0828_,5.36
_1108_,5.36
_0671_,5.345
_0779_,5.34
_0782_,5.34
_0867_,5.34
_1146_,5.34
_1319_,5.34
_1411_,5.34
_1481_,5.34
_1501_,5.34
_1506_,5.34
_1583_,5.34
_1621_,5.34
_1643_,5.34
_1720_,5.34
_1722_,5.34
_1747_,5.34
instance_1.data\[1\]\[34\],5.34
net600,5.34
net840,5.34
_0116_,5.305
_0391_,5.305
_0402_,5.305
_0442_,5.305
_1554_,5.28
_1584_,5.28
_1773_,5.28
_1878_,5.28
_0286_,5.265
_0629_,5.265
_0336_,5.26
_0973_,5.26
_1034_,5.26
_1057_,5.26
_1365_,5.26
_1528_,5.26
_1618_,5.26
_1645_,5.26
instance_1.rdata\[18\],5.26
net491,5.26
net787,5.26
net852,5.26
_0119_,5.24
_0318_,5.24
instance_1.data\[1\]\[25\],5.24
_0987_,5.22
_1254_,5.22
_1497_,5.22
_1560_,5.22
_1670_,5.22
_1712_,5.22
_1754_,5.22
_1757_,5.22
_1781_,5.22
_1797_,5.22
net165,5.22
net389,5.22
net604,5.22
_0275_,5.215
rdata[29],5.19
rdata[33],5.19
_0095_,5.185
_0245_,5.185
_0692_,5.185
_0252_,5.16
_0257_,5.16
net252,5.16
net373,5.16
net391,5.16
net393,5.16
net495,5.16
net527,5.16
net705,5.16
net792,5.16
net832,5.16
_1000_,5.14
instance_2.rdata\[10\],5.14
_0525_,5.135
net392,5.12
net406,5.12
net569,5.12
net666,5.12
net817,5.12
net866,5.12
_0221_,5.095
_0150_,5.085
_0717_,5.085
rdata[56],5.07
net467,5.06
net533,5.06
net841,5.06
_0113_,5.045
_0143_,5.04
_0303_,5.04
net217,5.04
net651,5.04
net292,5.02
net347,5.02
net227,5
net558,5
_0142_,4.985
_0003_,4.975
_0069_,4.975
rdata[59],4.95
wdata[65],4.95
wdata[66],4.95
_0209_,4.945
_0088_,4.925
_1507_,4.92
_1673_,4.92
_1682_,4.92
_1776_,4.92
_1834_,4.92
_1913_,4.92
net806,4.92
_0216_,4.885
_0239_,4.885
_0892_,4.88
_1193_,4.88
_1434_,4.88
_1485_,4.88
_1576_,4.88
_1681_,4.88
net536,4.88
_0418_,4.865
rdata[22],4.85
rdata[23],4.85
rdata[26],4.85
rdata[28],4.85
rdata[32],4.85
rdata[58],4.85
_0061_,4.845
_0170_,4.845
_0361_,4.845
_0773_,4.82
_1440_,4.82
_0157_,4.805
_0419_,4.805
_0480_,4.805
_0851_,4.8
_1040_,4.8
_1043_,4.8
_1355_,4.8
_1431_,4.8
_1615_,4.8
_1847_,4.8
net224,4.8
net287,4.8
net476,4.8
net577,4.8
net746,4.8
net752,4.8
net763,4.8
_0668_,4.785
_0477_,4.78
_1394_,4.76
_1644_,4.76
_1740_,4.76
net322,4.76
_0485_,4.755
_0644_,4.755
wdata[24],4.73
wdata[27],4.73
wdata[36],4.73
_0290_,4.725
_0299_,4.725
_0535_,4.725
_0073_,4.72
_0145_,4.7
net236,4.7
net264,4.7
net432,4.7
net485,4.7
net559,4.7
net578,4.7
net579,4.7
net784,4.7
net828,4.7
_0464_,4.695
net441,4.68
net156,4.66
net172,4.66
net178,4.66
net204,4.66
net342,4.66
net479,4.66
net602,4.66
net685,4.66
net804,4.66
_0169_,4.625
_0359_,4.625
wdata[56],4.61
net214,4.6
net258,4.6
net386,4.6
net856,4.6
_0156_,4.585
_0198_,4.585
_0291_,4.585
_0312_,4.585
_0324_,4.585
_0349_,4.585
_0365_,4.585
_0383_,4.585
_0420_,4.585
_0458_,4.585
_0568_,4.585
_0582_,4.585
_0703_,4.58
net851,4.58
net662,4.56
instance_2.data\[2\]\[13\],4.545
net305,4.54
_0025_,4.525
_0363_,4.525
_0643_,4.525
_0690_,4.525
_0165_,4.505
_0652_,4.505
_0713_,4.48
_0112_,4.465
_0723_,4.46
_1609_,4.46
_1738_,4.46
_1859_,4.46
_1870_,4.46
_1875_,4.46
instance_2.rdata\[19\],4.46
instance_2.rdata\[28\],4.46
instance_2.rdata\[3\],4.46
net289,4.46
net480,4.46
_0195_,4.435
_0688_,4.425
_0726_,4.42
_1210_,4.42
_1357_,4.42
_1361_,4.42
_1562_,4.42
_1582_,4.42
_1665_,4.42
_1719_,4.42
_1762_,4.42
_1777_,4.42
_1942_,4.4
rdata[64],4.39
wdata[25],4.39
_0228_,4.385
_0352_,4.385
_0486_,4.385
_0786_,4.36
_1663_,4.36
_1891_,4.36
_1313_,4.34
_1404_,4.34
_1592_,4.34
_1666_,4.34
_1717_,4.34
_1746_,4.34
_1767_,4.34
_1831_,4.34
_1854_,4.34
instance_1.data\[0\]\[53\],4.34
net222,4.34
net260,4.34
net276,4.34
net294,4.34
net358,4.34
net388,4.34
net430,4.34
net525,4.34
net540,4.34
net735,4.34
net809,4.34
_0050_,4.295
_0210_,4.295
_0434_,4.295
_0496_,4.295
_0557_,4.295
_0698_,4.295
rdata[62],4.27
rdata[65],4.27
wdata[60],4.27
wdata[61],4.27
wdata[62],4.27
_0048_,4.24
_0319_,4.24
_0381_,4.24
_0461_,4.24
_0467_,4.24
_0497_,4.24
_0683_,4.24
_1259_,4.24
net655,4.24
_0495_,4.22
instance_2.rdata\[36\],4.22
net200,4.22
net355,4.2
net365,4.2
net396,4.2
net468,4.2
net542,4.2
net546,4.2
net672,4.2
net776,4.2
_0238_,4.165
_0354_,4.165
net228,4.14
net452,4.14
net624,4.14
net659,4.14
_0126_,4.125
net783,4.12
instance_1.data\[0\]\[63\],4.1
_0328_,4.045
_0752_,4
_0789_,4
_1333_,4
_1350_,4
net556,4
net780,4
net842,4
_0265_,3.975
_0694_,3.975
_0044_,3.965
_0244_,3.965
_0262_,3.965
_0399_,3.965
rdata[60],3.93
wdata[64],3.93
wdata[67],3.93
wdata[68],3.93
_0015_,3.925
_0373_,3.925
_0494_,3.925
_0544_,3.925
_0545_,3.925
_0647_,3.925
_1337_,3.9
_1579_,3.9
_1877_,3.9
_0757_,3.88
_0790_,3.88
_0793_,3.88
_0984_,3.88
_1301_,3.88
_1362_,3.88
_1622_,3.88
_1635_,3.88
_1637_,3.88
_1640_,3.88
_1675_,3.88
_1690_,3.88
_1801_,3.88
net193,3.88
net229,3.88
net242,3.88
net307,3.88
net323,3.88
net330,3.88
net435,3.88
net439,3.88
net470,3.88
net474,3.88
net562,3.88
net645,3.88
net740,3.88
net853,3.88
_0459_,3.805
_0628_,3.805
_0588_,3.8
_0451_,3.78
_0466_,3.78
_0506_,3.78
_0566_,3.78
_0587_,3.78
_0640_,3.78
_0661_,3.78
_0673_,3.78
_0718_,3.78
net262,3.78
net290,3.78
net459,3.78
net473,3.78
net481,3.78
net526,3.78
net538,3.78
net588,3.78
net710,3.78
_1521_,3.76
net516,3.76
net802,3.76
net274,3.74
net350,3.74
net446,3.74
net505,3.74
_0407_,3.635
_0378_,3.605
_0691_,3.605
net248,3.56
_0837_,3.54
_0854_,3.54
_1139_,3.54
_1623_,3.54
_1705_,3.54
_1820_,3.54
instance_2.rdata\[14\],3.54
instance_2.rdata\[4\],3.54
net419,3.54
net509,3.54
net641,3.54
instance_2.data\[0\]\[42\],3.52
_0276_,3.505
_0551_,3.505
_0007_,3.465
_0127_,3.465
_0132_,3.465
_0230_,3.465
_0385_,3.465
_0409_,3.465
_0414_,3.465
_0433_,3.465
_0457_,3.465
_0472_,3.465
_0579_,3.465
_0590_,3.465
_0614_,3.465
_0649_,3.465
_0064_,3.44
_0384_,3.44
_1399_,3.44
_1438_,3.44
_1569_,3.44
_1572_,3.44
_1608_,3.44
_1714_,3.44
_1723_,3.44
_1756_,3.44
_1933_,3.44
_0731_,3.42
_0762_,3.42
_0769_,3.42
_1018_,3.42
_1180_,3.42
_1183_,3.42
_1306_,3.42
_1407_,3.42
_1524_,3.42
_1530_,3.42
_1668_,3.42
_1733_,3.42
_1879_,3.42
net152,3.42
net286,3.42
net293,3.42
net302,3.42
net317,3.42
net375,3.42
net417,3.42
net428,3.42
net502,3.42
net534,3.42
net574,3.42
net610,3.42
net620,3.42
net640,3.42
net686,3.42
net772,3.42
_0100_,3.405
_0224_,3.405
_0305_,3.405
_0684_,3.405
_0020_,3.345
_0217_,3.345
_0285_,3.345
_0343_,3.345
_0493_,3.345
_0676_,3.345
_0039_,3.32
_0055_,3.32
_0374_,3.32
_0648_,3.32
net151,3.32
net169,3.32
net250,3.32
net400,3.32
net424,3.32
net431,3.32
net498,3.32
net511,3.32
net515,3.32
net552,3.32
net628,3.32
net701,3.32
net702,3.32
net711,3.32
net761,3.32
net779,3.32
net801,3.32
net807,3.32
net813,3.32
net857,3.32
net524,3.3
_0140_,3.295
_0022_,3.245
_0071_,3.245
_0240_,3.245
_0353_,3.245
_0519_,3.245
_0707_,3.245
_0002_,3.225
_0266_,3.225
net314,3.22
net340,3.22
net453,3.22
net598,3.22
net700,3.22
net751,3.22
_0797_,3.2
net179,3.18
_0335_,3.175
_0396_,3.175
_0704_,3.175
_0186_,3.145
_0288_,3.145
_0389_,3.145
_0524_,3.145
_0180_,3.125
_0377_,3.125
_0724_,3.08
_0725_,3.08
_0767_,3.08
_0785_,3.08
_1091_,3.08
_1118_,3.08
_1427_,3.08
_1433_,3.08
_1610_,3.08
_1685_,3.08
_1693_,3.08
_1716_,3.08
_1732_,3.08
_1760_,3.08
_1804_,3.08
_1818_,3.08
_1934_,3.08
net733,3.08
net767,3.08
_0211_,3.075
_0220_,3.055
_0572_,3.055
_0212_,3.045
_0227_,3.045
_0295_,3.045
_0297_,3.045
_0390_,3.045
_0465_,3.045
_0479_,3.045
_0638_,3.045
_0650_,3.045
_0696_,3.045
_0158_,3.02
_0129_,3.005
_0314_,3.005
_0366_,3.005
_0392_,3.005
_0489_,3.005
_0490_,3.005
_0553_,3.005
_0615_,3.005
_0634_,3.005
_0658_,3.005
_0674_,3.005
_0627_,2.98
_0715_,2.98
_0771_,2.98
_1031_,2.98
_1330_,2.98
_1495_,2.98
_1502_,2.98
_1721_,2.98
_1749_,2.98
_1809_,2.98
_0736_,2.96
_0749_,2.96
_0775_,2.96
_1214_,2.96
_1308_,2.96
_1359_,2.96
_1412_,2.96
_1442_,2.96
_1461_,2.96
_1477_,2.96
_1575_,2.96
_1633_,2.96
_1656_,2.96
_1886_,2.96
net212,2.96
net245,2.96
net298,2.96
net318,2.96
net376,2.96
net401,2.96
net478,2.96
net601,2.96
net627,2.96
_0716_,2.945
_0040_,2.885
_0123_,2.885
_0152_,2.885
_0332_,2.885
_0333_,2.885
_0445_,2.885
_0655_,2.885
_0013_,2.88
_0031_,2.88
_0357_,2.88
_0523_,2.88
_0045_,2.86
_0134_,2.86
_0260_,2.86
_0310_,2.86
_0510_,2.86
net173,2.86
net191,2.86
net218,2.86
net239,2.86
net297,2.86
net415,2.86
net427,2.86
net443,2.86
net458,2.86
net486,2.86
net565,2.86
net580,2.86
net670,2.86
net691,2.86
net750,2.86
net774,2.86
net799,2.86
net859,2.86
net861,2.86
_1724_,2.84
net164,2.84
_0032_,2.785
_0074_,2.785
_0111_,2.785
_0194_,2.785
_0274_,2.785
_0351_,2.785
_0375_,2.785
_0446_,2.785
_0656_,2.785
net167,2.76
net195,2.76
net249,2.76
net269,2.76
net385,2.76
net390,2.76
net425,2.76
net464,2.76
net465,2.76
net555,2.76
net616,2.76
net661,2.76
net679,2.76
net695,2.76
net721,2.76
net754,2.76
net808,2.76
net815,2.76
net821,2.76
net837,2.76
net860,2.76
net684,2.74
_0300_,2.735
_0027_,2.715
_0063_,2.715
_0323_,2.715
_0449_,2.715
_0504_,2.715
_0008_,2.705
_0098_,2.705
_0179_,2.705
_0436_,2.705
_0054_,2.665
_0727_,2.62
_0753_,2.62
_0765_,2.62
_0939_,2.62
_1087_,2.62
_1201_,2.62
_1281_,2.62
_1338_,2.62
_1370_,2.62
_1389_,2.62
_1474_,2.62
_1478_,2.62
_1503_,2.62
_1614_,2.62
_1629_,2.62
_1678_,2.62
_1710_,2.62
_1725_,2.62
_1735_,2.62
_1829_,2.62
instance_1.data\[1\]\[69\],2.62
net181,2.62
net723,2.62
_0536_,2.595
_0334_,2.585
_0367_,2.585
_0508_,2.585
_0699_,2.585
_0035_,2.545
_0036_,2.545
_0094_,2.545
_0237_,2.545
_0281_,2.545
_0293_,2.545
_0339_,2.545
_0368_,2.545
_0386_,2.545
_0481_,2.545
_0487_,2.545
_0528_,2.545
_0537_,2.545
_0540_,2.545
_0555_,2.545
_0659_,2.545
_0670_,2.545
_0719_,2.545
_0346_,2.52
_0578_,2.52
_0754_,2.52
_0833_,2.52
_0905_,2.52
_0912_,2.52
_1068_,2.52
_1392_,2.52
_1491_,2.52
_1519_,2.52
_1727_,2.52
_1744_,2.52
_1813_,2.52
_1862_,2.52
_1901_,2.52
_1943_,2.52
_0728_,2.5
_0741_,2.5
_0742_,2.5
_0743_,2.5
_0750_,2.5
_0751_,2.5
_0774_,2.5
_0778_,2.5
_0861_,2.5
_0922_,2.5
_1152_,2.5
_1293_,2.5
_1348_,2.5
_1493_,2.5
_1561_,2.5
_1595_,2.5
_1604_,2.5
_1612_,2.5
_1684_,2.5
_1707_,2.5
_1775_,2.5
_1780_,2.5
_1863_,2.5
_1872_,2.5
_1923_,2.5
_1936_,2.5
net155,2.5
net226,2.5
net268,2.5
net313,2.5
net405,2.5
net426,2.5
net499,2.5
net541,2.5
net547,2.5
net589,2.5
net681,2.5
net759,2.5
net778,2.5
_0106_,2.485
_0309_,2.485
_0397_,2.485
_0422_,2.485
_0483_,2.485
_0488_,2.485
_0631_,2.485
_0646_,2.485
_0663_,2.485
_0078_,2.42
_0091_,2.42
_0172_,2.42
_0183_,2.42
_0191_,2.42
_0273_,2.42
_0278_,2.42
_0284_,2.42
_0424_,2.42
_0447_,2.42
_0530_,2.42
_0541_,2.42
_0569_,2.42
_0621_,2.42
_0624_,2.42
_0636_,2.42
_0682_,2.42
_0708_,2.42
net198,2.4
net241,2.4
net333,2.4
net363,2.4
net364,2.4
net507,2.4
net530,2.4
net637,2.4
net639,2.4
net727,2.4
net734,2.4
net741,2.4
net827,2.4
_0038_,2.375
_0047_,2.375
_0331_,2.375
_0413_,2.375
_0444_,2.375
_0556_,2.375
_0567_,2.375
_0586_,2.375
_0711_,2.375
_0001_,2.325
_0018_,2.325
_0019_,2.325
_0023_,2.325
_0034_,2.325
_0236_,2.325
_0371_,2.325
_0372_,2.325
_0440_,2.325
_0517_,2.325
_0543_,2.325
_0693_,2.325
net159,2.3
net161,2.3
net174,2.3
net176,2.3
net184,2.3
net187,2.3
net189,2.3
net194,2.3
net203,2.3
net209,2.3
net225,2.3
net230,2.3
net231,2.3
net232,2.3
net233,2.3
net235,2.3
net240,2.3
net259,2.3
net263,2.3
net273,2.3
net277,2.3
net282,2.3
net291,2.3
net308,2.3
net310,2.3
net326,2.3
net329,2.3
net331,2.3
net336,2.3
net339,2.3
net341,2.3
net345,2.3
net346,2.3
net348,2.3
net351,2.3
net352,2.3
net356,2.3
net362,2.3
net369,2.3
net370,2.3
net372,2.3
net380,2.3
net394,2.3
net404,2.3
net409,2.3
net410,2.3
net411,2.3
net413,2.3
net414,2.3
net416,2.3
net436,2.3
net437,2.3
net438,2.3
net445,2.3
net447,2.3
net449,2.3
net456,2.3
net460,2.3
net501,2.3
net503,2.3
net514,2.3
net519,2.3
net521,2.3
net523,2.3
net531,2.3
net544,2.3
net545,2.3
net548,2.3
net553,2.3
net563,2.3
net567,2.3
net568,2.3
net581,2.3
net586,2.3
net590,2.3
net592,2.3
net597,2.3
net599,2.3
net613,2.3
net614,2.3
net619,2.3
net623,2.3
net629,2.3
net635,2.3
net664,2.3
net671,2.3
net674,2.3
net675,2.3
net693,2.3
net696,2.3
net704,2.3
net714,2.3
net717,2.3
net732,2.3
net753,2.3
net757,2.3
net762,2.3
net777,2.3
net789,2.3
net794,2.3
net795,2.3
net800,2.3
net820,2.3
net836,2.3
net838,2.3
net868,2.3
net157,2.28
_0505_,2.255
_0511_,2.255
_0549_,2.255
_0552_,2.255
_0564_,2.255
_0512_,2.225
_0065_,2.205
_0425_,2.205
_0748_,2.16
_0858_,2.16
_0882_,2.16
_0946_,2.16
_1217_,2.16
_1284_,2.16
_1326_,2.16
_1367_,2.16
_1413_,2.16
_1421_,2.16
_1532_,2.16
_1546_,2.16
_1557_,2.16
_1566_,2.16
_1591_,2.16
_1653_,2.16
_1659_,2.16
_1660_,2.16
_1800_,2.16
_1805_,2.16
_1811_,2.16
_1895_,2.16
_1925_,2.16
net528,2.16
net803,2.16
net824,2.16
_0000_,2.125
_0026_,2.125
_0219_,2.125
_0395_,2.125
_0405_,2.125
_0421_,2.125
_0560_,2.125
_0633_,2.125
_0118_,2.085
_0435_,2.085
_0460_,2.085
_0574_,2.085
_0337_,2.06
_0400_,2.06
_0734_,2.06
_0738_,2.06
_0758_,2.06
_0764_,2.06
_0772_,2.06
_0776_,2.06
_0780_,2.06
_0781_,2.06
_0787_,2.06
_0798_,2.06
_0799_,2.06
_0817_,2.06
_0898_,2.06
_1024_,2.06
_1142_,2.06
_1257_,2.06
_1299_,2.06
_1344_,2.06
_1345_,2.06
_1375_,2.06
_1390_,2.06
_1402_,2.06
_1420_,2.06
_1424_,2.06
_1445_,2.06
_1467_,2.06
_1472_,2.06
_1473_,2.06
_1482_,2.06
_1517_,2.06
_1542_,2.06
_1553_,2.06
_1555_,2.06
_1597_,2.06
_1601_,2.06
_1632_,2.06
_1646_,2.06
_1661_,2.06
_1671_,2.06
_1686_,2.06
_1688_,2.06
_1700_,2.06
_1709_,2.06
_1711_,2.06
_1739_,2.06
_1742_,2.06
_1753_,2.06
_1779_,2.06
_1785_,2.06
_1814_,2.06
_1896_,2.06
_1900_,2.06
_1938_,2.06
_1290_,2.04
_1492_,2.04
_1505_,2.04
_1580_,2.04
_1617_,2.04
_1729_,2.04
_1816_,2.04
net177,2.04
net472,2.04
net494,2.04
net729,2.04
_0046_,2.035
_0009_,2.025
_0010_,2.025
_0011_,2.025
_0070_,2.025
_0080_,2.025
_0107_,2.025
_0122_,2.025
_0166_,2.025
_0177_,2.025
_0178_,2.025
_0200_,2.025
_0213_,2.025
_0215_,2.025
_0231_,2.025
_0254_,2.025
_0255_,2.025
_0263_,2.025
_0269_,2.025
_0270_,2.025
_0345_,2.025
_0355_,2.025
_0362_,2.025
_0403_,2.025
_0406_,2.025
_0411_,2.025
_0412_,2.025
_0423_,2.025
_0430_,2.025
_0431_,2.025
_0450_,2.025
_0455_,2.025
_0475_,2.025
_0507_,2.025
_0515_,2.025
_0518_,2.025
_0529_,2.025
_0531_,2.025
_0532_,2.025
_0534_,2.025
_0539_,2.025
_0547_,2.025
_0558_,2.025
_0585_,2.025
_0608_,2.025
_0613_,2.025
_0622_,2.025
_0635_,2.025
_0641_,2.025
_0657_,2.025
_0669_,2.025
_0686_,2.025
_0695_,2.025
_0697_,2.025
_0473_,1.975
_0570_,1.975
_1706_,1.94
net168,1.94
net188,1.94
net197,1.94
net220,1.94
net246,1.94
net279,1.94
net301,1.94
net306,1.94
net332,1.94
net343,1.94
net360,1.94
net383,1.94
net403,1.94
net407,1.94
net418,1.94
net504,1.94
net510,1.94
net573,1.94
net603,1.94
net612,1.94
net644,1.94
net650,1.94
net667,1.94
net680,1.94
net687,1.94
net692,1.94
net697,1.94
net707,1.94
net737,1.94
net825,1.94
net847,1.94
net864,1.94
_0125_,1.915
_0453_,1.915
_0509_,1.915
_0016_,1.865
_0029_,1.865
_0033_,1.865
_0041_,1.865
_0042_,1.865
_0056_,1.865
_0081_,1.865
_0084_,1.865
_0093_,1.865
_0197_,1.865
_0251_,1.865
_0325_,1.865
_0338_,1.865
_0382_,1.865
_0394_,1.865
_0427_,1.865
_0428_,1.865
_0429_,1.865
_0454_,1.865
_0468_,1.865
_0575_,1.865
_0596_,1.865
_0662_,1.865
_0664_,1.865
net451,1.84
net522,1.84
net564,1.84
net611,1.84
net622,1.84
net632,1.84
net647,1.84
net678,1.84
net683,1.84
net708,1.84
net725,1.84
net756,1.84
net764,1.84
net768,1.84
net769,1.84
net781,1.84
net814,1.84
net816,1.84
net822,1.84
net829,1.84
net839,1.84
net844,1.84
net854,1.84
net858,1.84
net869,1.84
net631,1.82
_0114_,1.745
_0268_,1.745
_0321_,1.745
_0791_,1.7
_1318_,1.7
_1363_,1.7
_1416_,1.7
_1486_,1.7
_1696_,1.7
_1751_,1.7
_0792_,1.6
_0874_,1.6
_0916_,1.6
_0926_,1.6
_0942_,1.6
_1007_,1.6
_1014_,1.6
_1047_,1.6
_1071_,1.6
_1129_,1.6
_1227_,1.6
_1508_,1.6
_1537_,1.6
_1613_,1.6
_1620_,1.6
_1667_,1.6
_1758_,1.6
_1774_,1.6
_1799_,1.6
_1871_,1.6
_1914_,1.6
_1927_,1.6
_1928_,1.6
net182,1.48
net183,1.48
net207,1.48
net210,1.48
net234,1.48
net244,1.48
net320,1.48
net321,1.48
net471,1.48
net709,1.48
net724,1.48
net785,1.48
net786,1.48
net788,1.48
_0101_,1.405
_0162_,1.405
_0369_,1.405
_0393_,1.405
_0441_,1.405
_0520_,1.405
_0687_,1.405
_0739_,1.14
_0756_,1.14
_0763_,1.14
_0768_,1.14
_0770_,1.14
_0800_,1.14
_0811_,1.14
_0929_,1.14
_0950_,1.14
_0969_,1.14
_1021_,1.14
_1037_,1.14
_1053_,1.14
_1078_,1.14
_1115_,1.14
_1159_,1.14
_1251_,1.14
_1304_,1.14
_1323_,1.14
_1353_,1.14
_1382_,1.14
_1452_,1.14
_1466_,1.14
_1490_,1.14
_1496_,1.14
_1513_,1.14
_1518_,1.14
_1522_,1.14
_1538_,1.14
_1551_,1.14
_1573_,1.14
_1574_,1.14
_1590_,1.14
_1605_,1.14
_1626_,1.14
_1639_,1.14
_1641_,1.14
_1655_,1.14
_1674_,1.14
_1676_,1.14
_1750_,1.14
_1761_,1.14
_1771_,1.14
_1892_,1.14
net154,1.02
net180,1.02
net303,1.02
net337,1.02
net422,1.02
net561,1.02
net591,1.02
